{"cameraMode":{"drawMode":0,"name":"Shaded","section":"Shading Mode"},"sceneLighting":false,"audioPlay":false,"sceneViewState":{"showFog":true,"showMaterialUpdate":false,"showSkybox":true,"showFlares":true,"showImageEffects":true,"showParticleSystems":true},"in2DMode":false,"pivot":{"x":-0.9284927845001221,"y":1.559290885925293,"z":0.6437473297119141},"rotation":{"x":-0.2966722249984741,"y":0.0415247306227684,"z":-0.012913390062749386,"w":-0.953988790512085},"size":30.899166107177736,"orthographic":false}